Course Number,dabba ,Course,Department,PSRN/GFID,FACULTY NAME,Email,campus,Mobile
AE ZG516,1,ADVANCE IN IC ENGINES,MECH,P0001,ALPHA ONE,alpha.one@example.edu,OFF-CAMPUS,9000000001
AE ZG516,1,ADVANCE IN IC ENGINES,MECH,GF0002,BETA TWO (LEAD),Beta.Two@Example.edu,GUEST FACULTY,9000000002
SS ZC111,4,PROBABILITY AND STATISTICS,MATH,P0003,GAMMA THREE,gamma.three@example.edu,PILANI,
AAOC ZC111,4,PROBABILITY AND STATISTICS,MATH,P0003,GAMMA THREE,gamma.three@example.edu,PILANI,
SSZG628T,0,DISSERTATION,CSIS,P0004,DELTA FOUR,,OFF-CAMPUS,9000000004
POWAB ZC113,4,ELECTRICAL & ELECTRONIC TECH,EEE,GF0005,EPSILON FIVE (LEAD),epsilon.five@example.edu,HYDERABAD,9000000005
EEE ZG 571,7,OPTICAL COMMUNICATION,EEE,P0006,ZETA SIX,zeta.six@example.edu,OFF-CAMPUS,
HHSM ZG513,2,BIOSTATISTICS & EPIDEMIOLOGY,HHSM,GF0007,TEAM CMC,,CMC,
MBA ZG566,7,ANALYTICS FOR MARKETING,MGMT,,,,,
NOTACODE,3,ROW WITHOUT A COURSE CODE IS SKIPPED,MGMT,P0009,THETA NINE,theta.nine@example.edu,PILANI,
CC ZG501,1,INTRO TO PARALLEL AND DIST PRO,CS/IS,P0008,ETA EIGHT,eta.eight@example.edu,OFF-CAMPUS,9000000008
